{
  "IcoMoonType": "selection",
  "icons": [
    {
      "icon": {
        "paths": [
          "M846.857 600c34.857 20 46.857 65.143 26.857 100l-36.571 62.857c-20 34.857-65.143 46.857-100 26.857l-152-87.429v175.429c0 40-33.143 73.143-73.143 73.143h-73.143c-40 0-73.143-33.143-73.143-73.143v-175.429l-152 87.429c-34.857 20-80 8-100-26.857l-36.571-62.857c-20-34.857-8-80 26.857-100l152-88-152-88c-34.857-20-46.857-65.143-26.857-100l36.571-62.857c20-34.857 65.143-46.857 100-26.857l152 87.429v-175.429c0-40 33.143-73.143 73.143-73.143h73.143c40 0 73.143 33.143 73.143 73.143v175.429l152-87.429c34.857-20 80-8 100 26.857l36.571 62.857c20 34.857 8 80-26.857 100l-152 88z"
        ],
        "width": 950.8571428571428,
        "attrs": [],
        "isMulticolor": false,
        "isMulticolor2": false,
        "tags": [
          "asterisk"
        ],
        "defaultCode": 61545,
        "grid": 14
      },
      "attrs": [],
      "properties": {
        "name": "asterisk",
        "id": 0,
        "order": 856,
        "prevSize": 28,
        "code": 61545
      },
      "setIdx": 1,
      "setId": 3,
      "iconIdx": 0
    },
    {
      "icon": {
        "paths": [
          "M804.571 420.571v109.714c0 30.286-24.571 54.857-54.857 54.857h-237.714v237.714c0 30.286-24.571 54.857-54.857 54.857h-109.714c-30.286 0-54.857-24.571-54.857-54.857v-237.714h-237.714c-30.286 0-54.857-24.571-54.857-54.857v-109.714c0-30.286 24.571-54.857 54.857-54.857h237.714v-237.714c0-30.286 24.571-54.857 54.857-54.857h109.714c30.286 0 54.857 24.571 54.857 54.857v237.714h237.714c30.286 0 54.857 24.571 54.857 54.857z"
        ],
        "width": 804.5714285714286,
        "attrs": [],
        "isMulticolor": false,
        "isMulticolor2": false,
        "tags": [
          "plus"
        ],
        "defaultCode": 61543,
        "grid": 14
      },
      "attrs": [],
      "properties": {
        "name": "plus",
        "id": 1,
        "order": 857,
        "prevSize": 28,
        "code": 61543
      },
      "setIdx": 1,
      "setId": 3,
      "iconIdx": 1
    },
    {
      "icon": {
        "paths": [
          "M402.286 717.714v137.143c0 12.571-10.286 22.857-22.857 22.857h-137.143c-12.571 0-22.857-10.286-22.857-22.857v-137.143c0-12.571 10.286-22.857 22.857-22.857h137.143c12.571 0 22.857 10.286 22.857 22.857zM582.857 374.857c0 108.571-73.714 150.286-128 180.571-33.714 19.429-54.857 58.857-54.857 75.429v0c0 12.571-9.714 27.429-22.857 27.429h-137.143c-12.571 0-20.571-19.429-20.571-32v-25.714c0-69.143 68.571-128.571 118.857-151.429 44-20 62.286-38.857 62.286-75.429 0-32-41.714-60.571-88-60.571-25.714 0-49.143 8-61.714 16.571-13.714 9.714-27.429 23.429-61.143 65.714-4.571 5.714-11.429 9.143-17.714 9.143-5.143 0-9.714-1.714-14.286-4.571l-93.714-71.429c-9.714-7.429-12-20-5.714-30.286 61.714-102.286 148.571-152 265.143-152 122.286 0 259.429 97.714 259.429 228.571z"
        ],
        "width": 634.88,
        "attrs": [],
        "isMulticolor": false,
        "isMulticolor2": false,
        "tags": [
          "question"
        ],
        "defaultCode": 61736,
        "grid": 14
      },
      "attrs": [],
      "properties": {
        "name": "question",
        "id": 2,
        "order": 858,
        "prevSize": 28,
        "code": 61736
      },
      "setIdx": 1,
      "setId": 3,
      "iconIdx": 2
    },
    {
      "icon": {
        "paths": [
          "M804.571 420.571v109.714c0 30.286-24.571 54.857-54.857 54.857h-694.857c-30.286 0-54.857-24.571-54.857-54.857v-109.714c0-30.286 24.571-54.857 54.857-54.857h694.857c30.286 0 54.857 24.571 54.857 54.857z"
        ],
        "width": 804.5714285714286,
        "attrs": [],
        "isMulticolor": false,
        "isMulticolor2": false,
        "tags": [
          "minus"
        ],
        "defaultCode": 61544,
        "grid": 14
      },
      "attrs": [],
      "properties": {
        "name": "minus",
        "id": 3,
        "order": 859,
        "prevSize": 28,
        "code": 61544
      },
      "setIdx": 1,
      "setId": 3,
      "iconIdx": 3
    },
    {
      "icon": {
        "paths": [
          "M970.857 106.286c0 16.571-13.143 33.143-24.571 44.571l-361.143 361.143v438.857h182.857c20 0 36.571 16.571 36.571 36.571s-16.571 36.571-36.571 36.571h-512c-20 0-36.571-16.571-36.571-36.571s16.571-36.571 36.571-36.571h182.857v-438.857l-361.143-361.143c-11.429-11.429-24.571-28-24.571-44.571 0-28 35.429-33.143 56.571-33.143h804.571c21.143 0 56.571 5.143 56.571 33.143z"
        ],
        "width": 1024,
        "attrs": [],
        "isMulticolor": false,
        "isMulticolor2": false,
        "tags": [
          "glass"
        ],
        "defaultCode": 61440,
        "grid": 14
      },
      "attrs": [],
      "properties": {
        "name": "glass",
        "id": 4,
        "order": 860,
        "prevSize": 28,
        "code": 61440
      },
      "setIdx": 1,
      "setId": 3,
      "iconIdx": 4
    },
    {
      "icon": {
        "paths": [
          "M877.714 128v640c0 80.571-120.571 109.714-182.857 109.714s-182.857-29.143-182.857-109.714 120.571-109.714 182.857-109.714c37.714 0 75.429 6.857 109.714 22.286v-306.857l-438.857 135.429v405.143c0 80.571-120.571 109.714-182.857 109.714s-182.857-29.143-182.857-109.714 120.571-109.714 182.857-109.714c37.714 0 75.429 6.857 109.714 22.286v-552.571c0-24 16-45.143 38.857-52.571l475.429-146.286c5.143-1.714 10.286-2.286 16-2.286 30.286 0 54.857 24.571 54.857 54.857z"
        ],
        "width": 877.7142857142857,
        "attrs": [],
        "isMulticolor": false,
        "isMulticolor2": false,
        "tags": [
          "music"
        ],
        "defaultCode": 61441,
        "grid": 14
      },
      "attrs": [],
      "properties": {
        "name": "music",
        "id": 5,
        "order": 861,
        "prevSize": 28,
        "code": 61441
      },
      "setIdx": 1,
      "setId": 3,
      "iconIdx": 5
    },
    {
      "icon": {
        "paths": [
          "M658.286 475.429c0-141.143-114.857-256-256-256s-256 114.857-256 256 114.857 256 256 256 256-114.857 256-256zM950.857 950.857c0 40-33.143 73.143-73.143 73.143-19.429 0-38.286-8-51.429-21.714l-196-195.429c-66.857 46.286-146.857 70.857-228 70.857-222.286 0-402.286-180-402.286-402.286s180-402.286 402.286-402.286 402.286 180 402.286 402.286c0 81.143-24.571 161.143-70.857 228l196 196c13.143 13.143 21.143 32 21.143 51.429z"
        ],
        "width": 950.8571428571428,
        "attrs": [],
        "isMulticolor": false,
        "isMulticolor2": false,
        "tags": [
          "search"
        ],
        "defaultCode": 61442,
        "grid": 14
      },
      "attrs": [],
      "properties": {
        "name": "search",
        "id": 6,
        "order": 862,
        "prevSize": 28,
        "code": 61442
      },
      "setIdx": 1,
      "setId": 3,
      "iconIdx": 6
    },
    {
      "icon": {
        "paths": [
          "M950.857 859.429v-438.857c-12 13.714-25.143 26.286-39.429 37.714-81.714 62.857-164 126.857-243.429 193.143-42.857 36-96 80-155.429 80h-1.143c-59.429 0-112.571-44-155.429-80-79.429-66.286-161.714-130.286-243.429-193.143-14.286-11.429-27.429-24-39.429-37.714v438.857c0 9.714 8.571 18.286 18.286 18.286h841.143c9.714 0 18.286-8.571 18.286-18.286zM950.857 258.857c0-14.286 3.429-39.429-18.286-39.429h-841.143c-9.714 0-18.286 8.571-18.286 18.286 0 65.143 32.571 121.714 84 162.286 76.571 60 153.143 120.571 229.143 181.143 30.286 24.571 85.143 77.143 125.143 77.143h1.143c40 0 94.857-52.571 125.143-77.143 76-60.571 152.571-121.143 229.143-181.143 37.143-29.143 84-92.571 84-141.143zM1024 237.714v621.714c0 50.286-41.143 91.429-91.429 91.429h-841.143c-50.286 0-91.429-41.143-91.429-91.429v-621.714c0-50.286 41.143-91.429 91.429-91.429h841.143c50.286 0 91.429 41.143 91.429 91.429z"
        ],
        "width": 1024,
        "attrs": [],
        "isMulticolor": false,
        "isMulticolor2": false,
        "tags": [
          "envelope-o"
        ],
        "defaultCode": 61443,
        "grid": 14
      },
      "attrs": [],